city_code,population,true_outflow,true_inflow,outflow_gravity,inflow_gravity,sq_error_outflow_gravity,sq_error_inflow_gravity,outflow_scaling,inflow_scaling,sq_error_outflow_scaling,sq_error_inflow_scaling,outflow_gravity_distance,inflow_gravity_distance,sq_error_outflow_gravity_distance,sq_error_inflow_gravity_distance
C001,162152,8806,9952,2805,2830,36016424,50723426,6745,5060,4247721,23931664,7235,4500,2468041,29724304
C002,330923,8332,4964,3516,3470,23192696,2231858,13025,10805,22024249,34117281,12420,7830,16711744,8213956
C003,694579,25404,23796,17913,17858,56116449,35264199,23970,26010,2056356,4901796,24105,25680,1687401,3549456
C004,116786,6508,6378,1569,1561,24389453,23200816,28595,26195,487835569,392713489,29410,23970,524501604,309478464
C005,153718,5403,5321,3108,3099,5265384,4938717,6345,4890,887364,185761,6220,5020,667489,90601
C006,861910,25410,27382,20280,20304,26312136,50100854,4900,4020,420660100,545783044,4765,3660,426216025,562733284
C007,881976,26580,26694,13227,13220,178300635,181538383,29955,26995,11390625,90601,29810,21775,10432900,24196561
C008,152439,4020,3172,2845,2831,1379964,116089,6395,4995,5640625,3323329,6490,4655,6100900,2199289
C009,815697,29237,28470,25793,25758,11862913,7352858,27550,25200,2845969,10692900,27215,36420,4088484,63202500
C010,126730,3825,2716,3309,3259,265981,295205,5605,4230,3168400,2292196,5220,4875,1946025,4661281
C011,253857,9082,7303,4111,4073,24713868,10431953,10120,8260,1077444,915849,9445,6575,131769,529984
C012,84455,6295,8132,1632,1747,21747589,40766659,3830,2685,6076225,29669809,3560,2845,7480225,27952369
C013,417789,47592,16045,2797,2569,2006560993,181590135,15685,13385,1018056649,7075600,15405,3195,1036002969,165122500
C014,337909,25964,30058,9054,9284,285959832,431562065,12915,25245,170276401,23164969,12620,20550,178062336,90402064
C015,113613,3708,5242,2564,2599,1309177,6984879,4720,3920,1024144,1747684,5070,4400,1855044,708964
C016,227751,9559,8233,4778,4721,22858105,12332201,8715,7195,712336,1077444,8690,8215,755161,324
C017,195221,4428,2792,2166,2141,5116352,423691,7715,6185,10804369,11512449,7685,5380,10608049,6697744
C018,422892,15243,19084,9964,10045,27870935,81694992,15935,13250,478864,34035556,15655,15485,169744,12952801
C019,187727,9552,14174,4390,4510,26648725,93398279,7535,6140,4068289,64545156,7440,7215,4460544,48427681
C020,5356705,156697,161215,111171,111022,2072612819,2519370280,137385,165995,372953344,22848400,146075,173050,112826884,140067225
C021,272535,10954,9909,8573,8549,5668587,1850634,10420,8320,285156,2524921,10695,11685,67081,3154176
C022,140116,9508,12663,2991,3098,42473751,91489329,5785,4470,13860729,67125249,5865,5145,13271449,56520324
C023,565354,22937,23615,12294,12277,113269697,128548421,20355,17220,6666724,40896025,19885,18775,9314704,23425600
C024,1759298,68810,100805,32014,32697,1353948106,4638668182,55770,54710,170041600,2124749025,54695,54540,199233225,2140450225
C025,2715794,87393,78628,77091,76831,106120916,3229841,97780,100130,107889769,462336004,74910,113705,155825289,1230395929
C026,149441,4026,4929,2361,2391,2770914,6438956,6295,5100,5148361,29241,6415,3155,5707321,3147076
C027,213931,8609,7413,4522,4495,16703809,8515609,8535,6770,5476,413449,8755,5845,21316,2458624
C028,796653,21046,26048,14488,14528,43008048,132703856,27560,24700,42432196,1817104,26770,23405,32764176,6985449
C029,133726,6232,6041,3298,3281,8609900,7617008,5495,4260,543169,3171961,5380,5435,725904,367236
C030,106520,3755,2751,2408,2383,1814214,135183,4560,3285,648025,285156,4675,3755,846400,1008016
C031,395929,11947,14683,7294,7314,21649839,54305028,14225,12735,5189284,3794704,14590,12340,6985449,5489649
C032,124491,4203,2524,2999,2951,1448675,182048,5440,3965,1530169,2076481,5320,4825,1247689,5294601
C033,201029,8819,9163,2461,2461,40426510,44916525,8265,6335,306916,7997584,8045,5490,599076,13490929
C034,161775,7575,7378,2107,2089,29897365,27973132,6365,5540,1464100,3378244,6625,4235,902500,9878449
C035,158272,3603,5189,2087,2109,2298647,9483600,6570,5040,8803089,22201,6325,3355,7409284,3363556
C036,244528,7387,8368,6241,6270,1312237,4401955,9490,7915,4422609,205209,9290,8765,3621409,157609
C037,1120388,31455,28875,23363,23227,65483913,31900209,36615,35050,26625600,38130625,36410,36330,24552025,55577025
C038,118049,3292,3329,1659,1664,2665471,2770980,5235,3690,3775249,130321,5170,2500,3526884,687241
C039,170457,9261,15044,4104,4263,26598996,116228667,7080,5480,4756761,91470096,6850,6315,5812921,76195441
C040,149778,9690,16990,3622,3866,36821095,172240813,6940,5855,7562500,123988225,7180,7260,6300100,94672900
C041,182236,8607,11920,4291,4373,18626711,56952472,6240,4870,5602689,49702500,6360,6030,5049009,34692100
C042,84932,4044,4002,2421,2405,2635695,2550382,3805,2620,57121,1909924,3775,3355,72361,418609
C043,624525,18892,20379,8214,8247,114027230,147175979,21880,19700,8928144,461041,21985,13580,9566649,46226401
C044,4561084,133385,127166,95161,95531,1461058025,1000749670,143610,147605,104550625,417752721,107225,130920,684345600,14092516
C045,291904,22483,28916,5043,5180,304150135,563407546,11395,9240,122943744,387144976,11205,10415,127193284,342287001
C046,153450,4020,8231,3551,3686,220101,20653498,6270,4900,5062500,11095561,6440,6045,5856400,4778596
C047,247598,15007,15360,3742,3752,126903769,134745254,10130,7935,23785129,55130625,9645,12290,28751044,9424900
C048,921208,35109,30970,28824,28837,39505270,4550465,31265,28465,14776336,6275025,25665,42610,89189136,135489600
C049,410507,10466,6793,6020,5952,19762560,707210,14995,13260,20511841,41822089,15235,9635,22743361,8076964
C050,110389,3642,4876,3035,3066,368027,3277135,4635,3665,986049,1466521,4865,7370,1495729,6220036
C051,1121628,23467,21375,24885,24807,2010337,11781061,36680,35440,174583369,197824225,37290,34575,191075329,174240000
C052,152287,7216,7490,3705,3683,12329983,14492706,8385,7025,1366561,216225,8660,8265,2085136,600625
C053,208618,6240,7663,4011,4049,4966244,13063000,6290,4790,2500,8254129,6270,4020,900,13271449
C054,104425,3924,5442,2816,2876,1227220,6585286,4735,3460,657721,3928324,4500,4225,331776,1481089
C055,399568,11772,10065,10374,10310,1954916,60108,14740,12610,8809024,6477025,14805,15255,9199089,26936100
C056,621659,25438,39077,11096,11359,205688964,768294142,21755,19215,13564489,394499044,21625,18990,14538969,403487569
C057,93507,2283,3742,2021,2069,68901,2798405,3850,3120,2455489,386884,4090,3520,3265249,49284
C058,123918,5065,5816,2724,2747,5481046,9418667,5420,4015,126025,3243601,5180,4660,13225,1336336
C059,52536,3277,3801,828,848,5996490,8720921,2565,1715,506944,4351396,2505,1730,595984,4289041
C060,77807,3001,2453,1123,1116,3526463,1786881,3395,2345,155236,11664,3290,1990,83521,214369
C061,256614,7919,8003,5275,5278,6989411,7427637,10360,7990,5958481,169,9605,8665,2842596,438244
C062,150152,6500,6075,4207,4174,5256120,3612924,6565,4535,4225,2371600,6385,6395,13225,102400
C063,224108,13877,17549,5311,5477,73383856,145744036,8340,6990,30658369,111492481,9010,9100,23687689,71385601
C064,224484,7355,5824,5443,5378,3657082,198730,23740,21055,268468225,231983361,23620,24425,264550225,345997201
C065,680009,30338,35498,13691,13779,277125249,471720111,9140,7185,449355204,801625969,8705,7010,467986689,811566144
C066,2246128,66336,81730,50771,50993,242253742,944786865,68695,71185,5564881,111197025,67370,78940,1069156,7784100
C067,216646,12748,14513,5485,5558,52748758,80192170,8365,7080,19210689,55249489,8285,8675,19918369,34082244
C068,527197,13049,16288,12120,12139,862172,17216895,18835,16700,33477796,169744,19185,21305,37650496,25170289
C069,94731,5218,3985,1487,1454,13923850,6408020,4030,3115,1411344,756900,4245,2605,946729,1904400
C070,9429336,222121,158241,195004,193295,735328138,1228764181,227540,291970,29365561,17883445441,241360,297920,370139121,19510223041
C071,218414,10297,10487,3277,3267,49279625,52122117,8520,6835,3157729,13337104,8905,6030,1937664,19864849
C072,2097938,48940,49642,50427,50320,2211527,459111,64025,65030,227557225,236790544,63300,77870,206209600,796819984
C073,261508,18481,19459,5924,5995,157673995,181270252,10185,8330,68823616,123854641,9780,9330,75707401,102596641
C074,116136,4059,4458,2734,2725,1756150,3003639,62925,64950,3465205956,3659282064,63175,75780,3494701456,5086827684
C075,2052073,52444,40067,50396,50009,4195847,98838758,9010,3840,1886512356,1312395529,4800,4490,2269950736,1265722929
C076,139217,5466,6690,1755,1760,13770616,24302917,5610,4395,20736,5267025,5920,3505,206116,10144225
C077,220876,16705,21983,4409,4597,151186731,302275036,8895,6810,60996100,230219929,8870,8040,61387225,194407249
C078,642812,40632,47258,10374,10574,915518840,1345679703,22825,20150,317089249,734843664,22235,17830,338449609,866007184
C079,160960,10532,12886,3298,3377,52337223,90424828,6820,4630,13778944,68161536,6835,5210,13667809,58920976
C080,754673,28541,41904,16555,16910,143662292,624690467,26015,23655,6380676,333026001,26085,25275,6031936,276523641
C081,76959,3505,3504,1903,1910,2567858,2540802,11085,9400,57456400,34762816,11720,11750,67486225,67996516
C082,296917,20084,23422,6284,6389,190444165,290112679,3455,2430,276523641,440664064,3485,2735,275526801,427951969
C083,1903352,48667,58318,46509,46762,4658568,133536209,58250,60520,91833889,4848804,58560,68865,97871449,111239209
C084,426864,17580,20080,6752,6776,117253807,177007671,15925,13510,2739025,43164900,15490,11045,4368100,81631225
C085,83165,7600,8143,1107,1127,42160731,49221141,3660,2795,15523600,28601104,3805,3020,14402025,26245129
C086,241744,16470,16836,4627,4630,140265954,148980853,9490,7270,48720400,91508356,9730,7510,45427600,86974276
C087,101051,3839,3332,2646,2629,1423972,494855,4375,3430,287296,9604,4250,3685,168921,124609
C088,6563228,164596,177840,113539,113532,2606838787,4135502794,165595,204665,998001,719580625,175570,182980,120428676,26419600
C089,140273,3228,3593,3323,3318,8998,75737,5860,4690,6927424,1203409,5695,5950,6086089,5555449
C090,80089,2259,2415,1939,1923,102106,241651,3710,2595,2105401,32400,3880,3180,2627641,585225
C091,185735,8757,9921,3573,3605,26878244,39897694,7850,5830,822649,16736281,7490,6405,1605289,12362256
C092,377518,11005,8804,8163,8104,8075173,490594,13505,11870,6250000,9400356,14515,13360,12320100,20757136
C093,786420,27721,28842,19836,19880,62173575,80325975,26770,24785,904401,16459249,27075,31115,417316,5166529
C094,107706,3440,4048,2491,2493,901274,2418581,6270,4865,8008900,667489,6765,5950,11055625,3617604
C095,152111,4839,4637,3352,3323,2211012,1727672,4825,3465,196,1373584,4350,3960,239121,458329
C096,582335,25813,34048,12212,12320,184990447,472123127,20890,18270,24235929,248945284,20795,22075,25180324,143352729
C097,2585871,88361,102835,39710,39880,2366966244,3963269977,76895,80540,131469156,497067025,78415,65960,98922916,1359765625
C098,574624,15392,18526,10947,11027,19756784,56228085,20435,17760,25431849,586756,20495,16970,26040609,2421136
C099,4267585,105931,67300,98163,97065,60348125,885971926,124210,135590,334121841,4663524100,120380,144920,208773601,6024864400
C100,147127,5268,3414,2903,2844,5593033,325375,5940,4575,451584,1347921,6450,4820,1397124,1976836
C101,162890,6917,8743,4677,4728,5017987,16122458,6845,5170,5184,12766329,6830,6370,7569,5631129
C102,92925,3316,3479,1976,1987,1795037,2227459,4135,2950,670761,279841,4305,3465,978121,196
C103,275341,8909,8981,4537,4542,19110612,19706949,10710,8780,3243601,40401,10790,6945,3538161,4145296
C104,505189,27418,35747,12037,12289,236565805,550275897,18690,15425,76177984,412983684,18555,19340,78552769,269189649
C105,167465,8373,7447,5383,5344,8939514,4421585,6655,5580,2951524,3485689,7130,7245,1545049,40804
C106,159907,4663,4934,3009,3030,2735560,3626508,6500,5250,3374569,99856,6280,4950,2614689,256
C107,174405,7492,5829,2845,2818,21592841,9066076,7375,5675,13689,23716,7360,5080,17424,561001
C108,810225,32193,27926,11624,11614,423093075,266083970,27690,25350,20277009,6635776,27840,18655,18948609,85951441
C109,144481,9856,11255,3435,3514,41234005,59920468,5955,4430,15217801,46580625,6260,5615,12931216,31809600
C110,198038,7107,5723,4946,4884,4671417,704704,7860,6330,567009,368449,7800,8195,480249,6110784
C111,88179,2912,2420,2200,2180,506707,57821,3870,3050,917764,396900,3845,3260,870489,705600
C112,274458,7260,8194,6502,6534,574634,2756018,10855,8445,12924025,63001,10510,9260,10562500,1136356
C113,346536,15167,18447,4423,4455,115441979,195777801,12945,11170,4937284,52954729,12720,8590,5987809,97160449
C114,309297,7809,7109,7033,6998,601597,12339,11800,10175,15928081,9400356,11600,10770,14371681,13402921
C115,102300,13957,7636,689,654,176048295,48747740,4565,3435,88209664,17648401,4495,990,89529444,44169316
C116,209193,7033,9668,3149,3222,15083094,41546589,8455,6410,2022084,10614564,8215,4870,1397124,23020804
C117,125938,3584,3262,1907,1887,2811976,1891317,5120,3880,2359296,381924,5350,3180,3118756,6724
C118,367443,28905,23208,8216,8164,428036100,226315331,17045,14555,140659600,74874409,16910,16535,143880025,44528929
C119,467167,12221,17997,9054,9191,10028799,77553171,13600,11250,1901641,45522009,13995,10925,3147076,50013184
C120,131556,9346,10964,2060,2083,53092304,78868736,5330,4325,16128256,44076321,5460,3660,15100996,53348416
C121,419108,17369,12934,10049,9877,53589637,9345513,15130,13370,5013121,190096,15610,15175,3094081,5022081
C122,204638,7075,5463,4462,4408,6829406,1112022,6115,4305,921600,1340964,6240,5145,697225,101124
C123,145560,3879,4211,3141,3126,544998,1176834,8120,6795,17986081,6677056,7945,7320,16532356,9665881
C124,102195,4351,2688,2222,2182,4532337,255873,4445,3355,8836,444889,4285,3730,4356,1085764
C125,300222,17881,22595,4866,4957,169394787,311108326,11360,9195,42523441,179560000,11630,9030,39075001,184009225
C126,277729,6613,6745,5382,5337,1516187,1981972,10635,8935,16176484,4796100,10595,8955,15856324,4884100
C127,420684,13019,7637,10427,10266,6718608,6912126,15845,13345,7986276,32581264,15225,16085,4866436,71368704
C128,934096,28164,27415,15847,15775,151699102,135479755,30920,28835,7595536,2016400,31355,29590,10182481,4730625
C129,101914,2547,2658,2293,2300,64519,127970,4465,3235,3678724,332929,4390,4155,3396649,2241009
C130,181259,7637,7818,4409,4408,10420357,11626261,10370,8280,7469289,213444,10070,10750,5919489,8596624
C131,260449,19548,22649,5125,5191,208027603,304784052,7045,6100,156325009,273869401,7100,5735,154952704,286083396
C132,102086,5863,4479,3008,2952,8152390,2331525,4410,3340,2111209,1297321,4585,4425,1633284,2916
C133,126549,4146,4712,2826,2831,1741827,3539644,5505,4130,1846881,338724,5440,3815,1674436,804609
C134,120680,4954,5620,2700,2719,5081856,8416780,5090,3970,18496,2722500,5190,4570,55696,1102500
C135,95726,4991,5327,1384,1416,13010369,15298177,4355,3350,404496,3908529,4185,2105,649636,10381284
C136,82021,2129,2371,1388,1384,548682,974620,3645,2745,2298256,139876,3810,2450,2825761,6241
C137,143399,6004,6422,2153,2169,14831170,18088075,6130,4855,15876,2455489,6210,3800,42436,6874884
C138,988217,26577,28662,22818,22842,14126644,33874731,33100,31505,42549529,8082649,32560,34860,35796289,38415204
C139,81744,3894,3577,1048,1045,8100977,6413406,3770,2600,15376,954529,3500,2105,155236,2166784
C140,81368,4141,3395,1014,1000,9778269,5734127,3620,2550,271441,714025,3810,1635,109561,3097600
C141,254497,14333,20149,4204,4284,102593950,251687851,9955,8200,19166884,142778601,9935,7950,19342404,148815601
C142,307819,9456,8299,6231,6184,10398978,4475301,11835,9815,5659641,2298256,12045,9625,6702921,1758276
C143,725716,26610,25434,17525,17442,82537596,63870353,24990,22365,2624400,9418761,24900,27395,2924100,3845521
C144,165996,7653,10700,3649,3728,16032803,48609675,27915,25835,410548644,229068225,28400,27780,430438009,291726400
C145,825088,26627,31029,19041,19100,57543992,142307212,6825,5175,392119204,668429316,6530,6140,403889409,619462321
C146,83306,3748,1809,911,886,8047784,852462,3430,2810,101124,1002001,3630,2295,13924,236196
C147,369680,15324,17912,6909,6948,70817141,120198718,13820,11865,2262016,36566209,13820,11365,2262016,42863209
C148,252008,10749,12245,7070,7076,13538466,26713555,9425,7865,1752976,19184400,9995,10395,568516,3422500
C149,119648,3851,6854,2266,2307,2513049,20675219,5265,3940,1999396,8491396,5190,3945,1792921,8462281
C150,146654,9656,11879,2591,2625,49914207,85628862,5905,4765,14070001,50608996,6130,4745,12432676,50893956
C151,543606,20979,23680,15279,15361,32493106,69199590,18975,17115,4016016,43099225,19390,21665,2524921,4060225
C152,122371,5866,9101,3114,3212,7574866,34682772,5450,4120,173056,24810361,5265,4710,361201,19280881
C153,1195679,37813,38696,31021,31062,46134599,58281032,38980,37815,1361889,776161,38565,43375,565504,21893041
C154,141118,5657,6100,2694,2738,8779964,11301402,5865,4715,43264,1918225,5935,4265,77284,3367225
C155,362275,9718,7939,8723,8620,990521,463116,13505,11345,14341369,11600836,13320,13735,12974404,33593616
C156,186422,12011,14510,3836,3922,66831543,112103047,7180,5880,23338561,74476900,7540,5930,19989841,73616400
C157,74760,7825,8882,1519,1585,39761433,53240862,3425,2510,19360000,40602384,3385,2460,19713600,41242084
C158,140786,7944,6158,2769,2713,26783863,11865426,5915,4400,4116841,3090564,5750,4730,4813636,2039184
C159,95087,3485,3791,1870,1876,2606905,3667076,4215,3110,532900,463761,4285,3170,640000,385641
C160,207147,4853,4241,3738,3707,1243791,284757,8045,6760,10188864,6345361,8390,6150,12510369,3644281
C161,6037271,134599,159926,100845,101416,1139356621,3423382834,153210,188655,346369321,825355441,161995,161280,750540816,1833316
C162,361352,8927,8277,8738,8675,35797,158363,13040,11200,16916769,8543929,13250,13640,18688329,28761769
C163,423084,15661,16090,9366,9352,39622428,45404500,15250,13835,168921,5085025,15305,15625,126736,216225
C164,134815,4560,3609,1842,1817,7386362,3211035,5525,4205,931225,355216,5725,3305,1357225,92416
C165,1906873,55969,49868,45597,45337,107569251,20530106,59215,59610,10536516,94906564,59390,71610,11703241,472714564
C166,151195,9483,10873,3158,3257,40011250,58007922,6105,4745,11410884,37552384,6225,5400,10614564,29953729
C167,95973,7764,10582,2350,2489,29316265,65495973,4060,3170,13719616,54937744,4540,3545,10394176,49519369
C168,128560,3772,4171,2737,2721,1070440,2102078,6235,5085,6066369,835396,6065,5540,5257849,1874161
C169,157479,6735,6583,3960,3960,7698833,6877699,20460,18285,188375625,136936804,19875,21990,172659600,237375649
C170,570357,14330,11070,10886,10767,11862006,92070,5570,4145,76737600,47955625,5375,4095,80192025,48650625
C171,175055,19513,19862,3654,3709,251507298,260911995,43140,41925,558235129,486775969,43435,42060,572262084,492751204
C172,1351204,51881,60795,25694,25758,685750392,1227564240,7135,5835,2002204516,3020601600,7150,5370,2000862361,3071930625
C173,158581,5183,5281,3764,3744,2012378,2362116,6545,5165,1855044,13456,6670,6400,2211169,1252161
C174,146568,4333,5431,3016,3038,1733728,5726242,6090,4615,3087049,665856,5945,4890,2598544,292681
C175,198849,8196,6764,4751,4704,11870787,4245088,7625,6345,326041,175561,8095,7645,10201,776161
C176,138681,3985,4750,3604,3608,145455,1304974,5665,4595,2822400,24025,5715,5190,2992900,193600
C177,121079,3884,3646,2498,2512,1922012,1286862,5090,3710,1454436,4096,5510,4265,2643876,383161
C178,174822,6013,4532,3396,3351,6846336,1394089,7000,5650,974169,1249924,7210,5730,1432809,1435204
C179,155914,5658,5156,896,896,22677859,18147394,6530,4950,760384,42436,6485,1910,683929,10536516
C180,321760,12748,16370,7881,7971,23685698,70549542,12385,10295,131769,36905625,12130,13100,381924,10692900
C181,111030,3691,4230,2902,2897,623094,1777064,4925,3290,1522756,883600,4910,5060,1485961,688900
C182,2011494,56138,54191,37630,37425,342552058,281111263,61740,63070,31382404,78836641,61160,59070,25220484,23804641
C183,260089,9505,9634,3316,3319,38299555,39873958,10320,8555,664225,1164241,10070,6530,319225,9634816
C184,403127,31894,32815,7749,7842,582984662,623648572,15100,12640,282038436,407030625,14735,13840,294431281,360050625
C185,303712,8968,8708,7204,7215,3111497,2228811,11485,9495,6335289,619369,11150,11480,4761124,7683984
C186,179432,7302,7410,4918,4912,5682171,6241490,7370,5700,4624,2924100,7435,6800,17689,372100
C187,834963,21071,22728,19268,19231,3252211,12230282,28790,25920,59582961,10188864,28440,30290,54302161,57183844
C188,81973,2253,2441,2083,2075,28930,133848,3730,2715,2181529,75076,3505,3675,1567504,1522756
C189,133393,6078,4851,2618,2612,11973645,5012233,5465,4465,375769,148996,5495,4465,339889,148996
C190,18818648,358738,301334,237682,236538,14654564345,4198480304,426485,561605,4589656009,67740993441,411655,381010,2800208889,6348264976
C191,465274,11443,12306,10054,10062,1928539,5036670,7995,6075,11888704,38825361,7835,8910,13017664,11532816
C192,195455,10359,13374,4849,5039,30356181,69474563,16575,14635,38638656,1590121,16975,18790,43771456,29333056
C193,198233,5807,6507,3625,3615,4760561,8362996,7890,6480,4338889,729,7945,6205,4571044,91204
C194,196240,11490,14754,3194,3244,68830395,132476055,7925,6255,12709225,72233001,7735,5745,14100025,81162081
C195,605535,27403,28553,11719,11698,245978633,284102281,21780,19410,31618129,83594449,21725,19740,32239684,77668969
C196,517789,15023,15304,15587,15573,317889,72612,18700,16175,13520329,758641,18380,21905,11269449,43573201
C197,452429,20251,24937,10916,11098,87150967,191516912,16720,14265,12467961,113891584,16555,17155,13660416,60559524
C198,251572,4262,4745,3734,3749,278340,991201,9825,8245,30946969,12250000,9870,6020,31449664,1625625
C199,208366,9098,8728,3089,3093,36104711,31749140,8065,6855,1067089,3508129,8180,5230,842724,12236004
C200,1958516,70600,80987,30721,30835,1590341287,2515216078,59940,61635,113635600,374499904,59460,54895,124099600,680792464
C201,109304,8778,9301,2161,2207,43785857,50323384,4765,3445,16104169,34292736,4960,3890,14577124,29278921
C202,123161,10438,13342,2275,2389,66631671,119971101,5110,3940,28387584,88397604,5175,3690,27699169,93161104
C203,133006,5782,5494,3964,3959,3306315,2355826,5755,4395,729,1207801,5360,5930,178084,190096
C204,60557,1547,1761,768,768,606258,986928,4440,3365,8369449,2572816,4495,2510,8690704,561001
C205,106276,3852,3084,1922,1908,3725183,1383371,2720,1825,1281424,1585081,2600,1535,1567504,2399401
C206,469009,15664,18970,11258,11407,19413052,57193832,17295,14910,2660161,16483600,17325,17365,2758921,2576025
C207,103987,3150,3265,2628,2623,272316,412210,4580,3290,2044900,625,4460,4195,1716100,864900
C208,299280,10387,12661,5357,5443,25302368,52095073,11490,9090,1216609,12752041,11495,8700,1227664,15689521
C209,708380,20229,18879,13822,13723,41055727,26581735,24550,22370,18671041,12187081,24415,21900,17522596,9126441
C210,125049,7535,7469,1837,1847,32470157,31611636,5325,3700,4884100,14205361,5175,3665,5569600,14470416
C211,103067,5693,3234,1378,1335,18619277,3604513,8510,6535,7935489,10896601,8270,6070,6640929,8042896
C212,210766,8068,9249,4104,4132,15711710,26185270,4310,3475,14122564,33339076,4370,3335,13675204,34975396
C213,1237597,30002,27885,29032,28884,940790,998900,39855,38640,97081609,115670025,39425,45100,88792929,296356225
C214,285689,12692,18178,4592,4706,65616354,181493971,10875,8885,3301489,86359849,10645,7490,4190209,114233344
C215,248974,8604,11324,6061,6114,6467320,27139064,9925,8015,1745041,10949481,9975,8845,1879641,6145441
C216,228483,8643,8102,5006,4984,13227099,9724067,9190,7030,299209,1149184,9210,8295,321489,37249
C217,150991,8780,7527,2682,2646,37190594,23820104,6325,4855,6027025,7139584,6265,5220,6325225,5322249
C218,602297,21808,28049,13193,13364,74221985,215660732,21390,18565,174724,89946256,20875,21805,870489,38987536
C219,398782,13728,13199,9323,9269,19405101,15446837,14610,12265,777924,872356,15265,12960,2362369,57121
C220,94397,9058,8417,1728,1732,53725833,44688302,3980,2965,25786084,29724304,4190,2950,23697424,29888089
C221,94008,4024,4994,1732,1766,5253417,10418336,4015,2985,81,4036081,4060,3185,1296,3272481
C222,121783,4282,4259,3147,3125,1288083,1286811,4935,3765,426409,244036,5270,4660,976144,160801
C223,99932,2889,4401,1084,1098,3257347,10908707,4520,3480,2660161,848241,4185,2770,1679616,2660161
C224,787457,16267,12920,11290,11263,24769937,2745263,26640,24940,107599129,144480400,26525,17475,105226564,20748025
C225,202065,8612,9579,2601,2618,36137489,48460328,8235,6720,142129,8173881,8445,4720,27889,23609881
C226,1319035,32278,28035,26475,26313,33669178,2964573,43275,41575,120934009,183331600,42405,41380,102556129,178089025
C227,256663,11093,11519,4514,4501,43283530,49252108,9890,8105,1447209,11655396,10020,8820,1151329,7284601
C228,5657872,148296,133895,82259,82451,4360897160,2646482856,152925,177975,21427641,1943046400,151935,127445,13242321,41602500
C229,107243,4028,6370,2744,2807,1647896,12695345,4345,3410,100489,8761600,4915,5045,786769,1755625
C230,81512,3460,3772,1830,1852,2658394,3687490,3650,2795,36100,954529,3585,2955,15625,667489
C231,147627,8208,8307,2331,2336,34537737,35657235,6285,4880,3697929,11744329,5920,3935,5234944,19114384
C232,1546289,40591,36059,35257,35090,28453970,938883,49220,47660,74459641,134583201,48120,56765,56685841,428738436
C233,3368078,76128,69081,56837,56705,372143085,153161744,96655,104465,421357729,1252027456,98090,83295,482329444,202037796
C234,109146,4618,4731,1365,1368,10583390,11309715,4520,3440,9604,1666681,4490,2375,16384,5550736
C235,412984,14999,10450,7831,7698,51376744,7576002,15345,13545,119716,9579025,15590,12905,349281,6027025
C236,510969,18469,20353,9282,9292,84400082,122342996,17795,16540,454276,14538969,18245,17970,50176,5678689
C237,149348,6245,5198,4022,3992,4943778,1453792,6910,5550,442225,123904,7225,7675,960400,6135529
C238,176324,4596,4572,3361,3323,1524803,1559812,6350,4820,3076516,61504,5935,4835,1792921,69169
C239,366232,15129,16578,7523,7571,57846735,81121054,13565,11655,2446096,24235929,13825,12205,1700416,19123129
C240,128795,5611,8740,3282,3370,5425190,28836347,4985,3900,391876,23425600,5435,4740,30976,16000000
C241,111508,3178,5135,2648,2686,280967,5998985,4925,3580,3052009,2418025,4785,4475,2582449,435600
C242,117096,5504,5342,1532,1520,15780731,14608124,5020,4040,234256,1695204,5220,3885,80656,2122849
C243,111529,6086,8855,2832,2940,10588482,34982182,4745,3810,1798281,25452025,4640,4810,2090916,16362025
C244,168419,5629,6327,3868,3873,3100153,6019754,6845,5285,1478656,1085764,6890,6275,1590121,2704
C245,383549,15877,22333,7871,8000,64098128,205431881,14205,12105,2795584,104611984,14560,12115,1734489,104407524
C246,137217,6130,5906,2521,2511,13023352,11526519,6175,4570,2025,1784896,5670,5210,211600,484416
C247,325124,15496,17553,5741,5799,95159416,138166521,12450,10790,9278116,45738169,12605,9680,8357881,61984129
C248,1689202,45478,56043,37077,37271,70574921,352404223,52445,53300,48539089,7524049,52055,57445,43256929,1965604
C249,123069,7140,8924,2588,2630,20723653,39609393,5340,3885,3240000,25391521,5605,4170,2356225,22600516
C250,855633,33221,28055,24648,24525,73494064,12459597,28780,26610,19722481,2088025,28360,35035,23629321,48720400
C251,1210438,39309,36645,21537,21417,315826585,231877976,38785,38540,274576,3591025,39260,33790,2401,8151025
C252,19665214,403086,234271,426595,423434,552663843,35782514190,422105,488745,361722361,64757016676,403915,527045,687241,85716615076
C253,154806,6481,5066,3844,3814,6954403,1568498,6385,5255,9216,35721,6205,6280,76176,1473796
C254,695752,24256,39283,13040,13331,125787932,673481561,24680,21475,179776,317124864,24430,22830,30276,270701209
C255,270035,15662,15919,6935,6938,76156765,80661209,10370,8430,28005264,56085121,10270,9420,29073664,42237001
C256,326678,13245,17509,6485,6527,45691582,120610140,12365,10395,774400,50608996,12130,10930,1243225,43283241
C257,95684,4747,3590,2692,2671,4221357,844617,4130,3135,380689,207025,4390,3585,127449,25
C258,139307,5638,7008,2176,2204,11986561,23077248,5505,4520,17689,6190144,5730,3375,8464,13198689
C259,604800,23725,21898,8980,8902,217417679,168905684,20935,19720,7784100,4743684,21850,16585,3515625,28227969
C260,1261396,30461,40146,22794,22960,58785617,295342640,40230,40525,95433361,143641,40810,36265,107101801,15062161
C261,250906,13180,14401,3304,3352,97532203,122088118,9940,7705,10497600,44836416,9700,7825,12110400,43243776
C262,873190,26937,22176,15641,15537,127607890,44076466,29720,27790,7745089,31516996,29685,24300,7551504,4511376
C263,2168575,94941,110597,41144,41422,2894067351,4785187974,66490,67720,809459401,1838437129,65525,68035,865301056,1811523844
C264,165910,8625,8566,3513,3506,26136714,25604075,6965,5415,2755600,9928801,6610,5955,4060225,6817321
C265,116149,3427,1872,2684,2630,551779,575263,5015,3915,2521744,4173849,4955,4585,2334784,7360369
C266,540683,24528,25270,10173,10151,206080264,228579643,19130,16800,29138404,71740900,18710,16785,33849124,71995225
C267,185830,10592,10724,3481,3461,50560298,52755680,7695,5860,8392609,23658496,7995,5410,6744409,28238596
C268,91799,2184,2162,2277,2256,8732,8752,4050,3000,3481956,702244,4265,3265,4330561,1216609
C269,450163,27867,30904,8430,8491,377787389,502350067,16375,14440,132066064,271063296,16270,13810,134490409,292204836
C270,375357,10991,10112,8577,8526,5829715,2515351,14085,11720,9572836,2585664,13980,13855,8934121,14010049
C271,5938615,151852,132056,167784,167236,253827147,1237627419,159795,183685,63091249,2665553641,123510,211255,803268964,6272481601
C272,4230130,135443,153106,60512,60822,5614650861,8516320227,116440,140585,361114009,156775441,109820,101495,656538129,2663695321
C273,97472,3991,2991,1931,1897,4242126,1197884,4245,3200,64516,43681,4075,3310,7056,101761
C274,2330740,50424,48938,56999,56837,43235422,62396120,70240,73725,392673856,614395369,70645,81970,408888841,1091113024
C275,129191,4830,3996,3229,3204,2564356,626513,5485,4180,429025,33856,5480,4455,422500,210681
C276,82226,4084,3077,1144,1137,8642268,3764499,3720,2405,132496,451584,3750,2030,111556,1096209
C277,337263,8999,5748,3601,3555,29137967,4809819,12210,10655,10310521,24078649,12275,8345,10732176,6744409
C278,421020,17723,24645,7495,7591,104618644,290840121,15235,13980,6190144,113742225,15485,11940,5008644,161417025
C279,508780,17693,17840,9434,9470,68218010,70059626,18400,15925,499849,3667225,17850,12090,24649,33062500
C280,2235019,69405,81154,27308,27444,1772180288,2884730305,67475,68900,3724900,150160516,68435,51670,940900,869306256
C281,205445,9733,14569,3319,3399,41137432,124778581,8525,6415,1459264,66487716,8290,5900,2082249,75151561
C282,1580911,43347,43407,37726,37712,31597699,32431888,49485,54845,37675044,130827844,49595,54445,39037504,121837444
C283,523908,25809,32953,7857,8035,322257854,620917393,18660,16365,51108201,275161744,18760,13780,49688401,367603929
C284,159058,6067,5641,2563,2542,12277237,9601889,6890,5380,677329,68121,6720,4550,426409,1190281
C285,158826,9856,11718,2978,3016,47306839,75727513,6895,5195,8767521,42549529,6615,5530,10504081,38291344
C286,194064,7456,6521,4853,4800,6777542,2960439,7820,6205,132496,99856,7570,8235,12996,2937796
C287,1161239,45271,49311,26474,26613,353336268,515214806,37100,35820,66765241,182007081,37165,41390,65707236,62742241
C288,136503,4667,4636,1979,1976,7225112,7077945,5350,4405,466489,53361,5485,2965,669124,2792241
C289,405358,13271,15682,12542,12583,530970,9604731,15165,12530,3587236,9935104,14640,17380,1874161,2883204
C290,174962,6357,6626,2417,2427,15525355,17628842,7045,5425,473344,1442401,7100,4480,552049,4605316
C291,423037,16635,19046,6381,6423,105146153,159347402,15475,13415,1345600,31708161,15690,11830,893025,52070656
C292,1207567,39447,46346,29410,29553,100738599,281995877,39040,37555,165649,77281681,39280,41830,27889,20394256
C293,305856,11580,11205,7379,7368,17649597,14725251,11695,9615,13225,2528100,11815,11125,55225,6400
C294,207889,6521,5587,3985,3950,6431388,2679806,8275,6680,3076516,1194649,8055,6655,2353156,1140624
C295,1069195,30316,27739,23745,23681,43176566,16466433,35690,33405,28879876,32103556,35620,32385,28132416,21585316
C296,344371,10170,8406,8339,8248,3354363,25119,13085,11095,8497225,7230721,13145,13835,8850625,29474041
C297,149852,4706,4003,3420,3381,1653616,387059,6350,4795,2702736,627264,6160,5340,2114116,1787569
C298,94658,3369,3531,2245,2236,1264116,1676164,4000,3335,398161,38416,4245,3890,767376,128881
C299,2154747,70913,77587,35424,35467,1259467277,1774136415,65825,67190,25887744,108097609,65015,68125,34786404,89529444
C300,195481,7059,6606,4489,4468,6605389,4571852,7870,6410,657721,38416,8110,7030,1104601,179776
C301,387531,15755,18100,5176,5199,111905167,166432510,14505,12130,1562500,35640900,13985,12635,3132900,29866225
C302,415835,20930,20633,7192,7193,188725508,180631222,15160,13330,33292900,53333809,15220,13465,32604100,51380224
C303,371758,11680,16145,9526,9635,4638994,42380559,13955,11440,5175625,22137025,13630,13115,3802500,9180900
C304,1099333,42535,41712,16157,16133,695787365,654279569,36960,34575,31080625,50936769,35900,28780,44023225,167236624
C305,109096,7183,8861,1799,1860,28987461,49012017,4670,3620,6315169,27468081,4570,2910,6827769,35414401
C306,2180799,72427,84463,36990,37152,1255803458,2238292164,66110,68145,39904489,266277124,66105,60790,39967684,560410929
C307,3134962,136589,115792,56887,56714,6352435245,3490156412,121710,118590,221384641,7828804,91115,97235,2067884676,344362249
C308,4379477,154881,150548,74578,74708,6448641187,5751662712,131380,164280,552297001,188567824,123055,148355,1012894276,4809249
C309,136444,3453,1355,1466,1437,3946668,6761,5640,4660,4782969,10923025,5425,3535,3888784,4752400
C310,1856151,80885,71582,35984,36096,2016065469,1259232169,85035,74145,17222500,6568969,57705,78400,537312400,46485124
C311,2304914,53431,20898,21714,21299,1005985388,160819,69250,71285,250240761,2538849769,69700,31740,264680361,117548964
C312,266180,15421,20139,4538,4601,118430487,241420177,10585,8205,23386896,142420356,10695,8495,22335076,135582736
C313,261203,13907,15870,4761,4783,83658391,122921854,9785,8550,16990884,53582400,10050,8865,14876449,49070025
C314,142183,6137,6619,2204,2232,15468439,19241573,5785,4645,123904,3896676,5810,3900,106929,7392961
C315,416384,18821,23954,7108,7234,137195316,279568858,15665,13350,9960336,112444816,15280,13675,12538681,105657841
C316,484010,16485,17819,7954,7941,72782395,97565156,17620,15285,1288225,6421156,17535,15025,1102500,7806436
C317,351798,17088,19350,7126,7167,99247671,148429137,12910,11025,17455684,69305625,13490,11275,12945604,65205625
C318,551901,12764,16341,15617,15706,8141626,403024,19880,17240,50637456,808201,20025,21570,52722121,27342441
C319,3463404,110625,126525,39913,40215,5000220880,7449459731,99365,108125,126787600,338560000,99385,69810,126337600,3216591225
C320,136664,5996,8614,2513,2554,12129966,36722852,5715,4435,78961,17464041,5925,4205,5041,19439281
C321,96798,4365,4720,1835,1830,6398684,8350967,4135,3115,52900,2576025,4235,3285,16900,2059225
C322,113895,3932,3301,2499,2488,2053120,661402,4995,3820,1129969,269361,4875,4215,889249,835396
C323,119615,4130,4431,2445,2444,2838635,3947964,5050,3705,846400,527076,5335,4230,1452025,40401
C324,438927,12653,11286,8369,8315,18350188,8829151,15740,14030,9529569,7529536,15910,13650,10608049,5588496
C325,125832,8780,10819,1797,1833,48768898,80750804,5030,4000,14062500,46498761,5585,2955,10208025,61842496
C326,166754,4423,3786,2903,2877,2310380,825380,6625,5240,4848804,2114116,7100,4520,7166329,538756
C327,238015,7641,4596,3985,3912,13363415,468319,9515,7555,3511876,8755681,9915,6495,5171076,3606201
C328,314503,14938,13144,7832,7811,50489254,28439310,11625,10070,10975969,9449476,11840,12330,9597604,662596
C329,310415,10887,12469,7349,7358,12520669,26123427,12005,10105,1249924,5588496,12100,11500,1471369,938961
C330,521013,17533,20499,6373,6408,124549858,198551861,18665,16170,1281424,18740241,18465,11060,868624,89094721
C331,135354,4623,4800,3513,3506,1232487,1673838,8125,6655,12264004,3441025,8275,8280,13337104,12110400
C332,208240,6469,6831,4688,4685,3171537,4606992,21690,18725,231678841,141467236,21680,22875,231374521,257409936
C333,431356,13134,16453,8494,8597,21526100,61717745,15855,13960,7403841,6215049,15160,13815,4104676,6959044
C334,612283,18533,23746,15684,15836,8119073,62573379,5915,5415,159213924,336025561,5805,4610,162001984,366186496
C335,183116,7728,11276,3187,3259,20625157,64273918,7625,5605,10609,32160241,7160,5260,322624,36192256
C336,140857,7610,8597,2179,2194,29491673,40999126,5790,4625,3312400,15776784,6045,3830,2449225,22724289
C337,122761,4253,6232,2397,2446,3444579,14336920,5515,4010,1592644,4937284,5110,4230,734449,4008004
C338,2772185,63970,51861,57328,56824,44117764,24626690,81430,85165,304851600,1109156416,82420,87350,340402500,1259469121
C339,142658,8298,17328,3738,4039,20790796,176594442,6010,4535,5234944,163660849,5920,5455,5654884,140968129
C340,117783,4374,3973,2960,2940,1999587,1067735,4930,3715,309136,66564,4755,4665,145161,478864
C341,684697,27505,31496,12665,12689,220231842,353700514,23735,21245,14212900,105083001,23355,25515,17222500,35772361
C342,106805,5618,4665,2348,2323,10690930,5483375,4410,3415,1459264,1562500,4775,3770,710649,801025
C343,650990,21388,22877,14923,14941,41790780,62974630,23370,20475,3928324,5769604,22815,20590,2036329,5230369
C344,360077,19815,26213,6897,7022,166864116,368292455,12995,11005,46512400,231283264,12865,10635,48302500,242674084
C345,2794075,95979,108157,49663,49774,2145218124,3408552384,82835,86635,172764736,463196484,82120,79290,192071881,833303689
C346,169353,6032,5793,4015,4011,4066863,3175122,6535,5465,253009,107584,6975,6405,889249,374544
C347,147416,5775,4558,2850,2825,8552828,3004184,6015,4765,57600,42849,6210,4470,189225,7744
C348,98017,4347,8489,1990,2079,5556880,41089324,4310,3370,1369,26204161,4430,3640,6889,23512801
C349,597823,16034,16138,15311,15345,522478,628139,21175,19205,26429881,9406489,20820,23840,22905796,59320804
C350,231318,6787,6883,4403,4381,5683312,6261519,8980,7270,4809249,149769,8950,7355,4678569,222784
C351,363913,20503,19429,12828,12856,58907882,43203527,21740,11950,1530169,55935441,13810,18170,44796249,1585081
C352,971776,42182,44667,14345,14387,774908943,916850447,40925,38010,1580049,44315649,32115,24380,101344489,411562369
C353,939470,22885,23052,17507,17431,28924826,31599923,31325,29705,71233600,44262409,31995,28200,82992100,26501904
C354,225195,8215,12309,4687,4775,12449551,56765558,9220,7095,1010025,27185796,8915,7905,490000,19395216
C355,207098,7853,10593,4073,4134,14289878,41713394,8275,6485,178084,16875664,8250,7545,157609,9290304
C356,950067,43312,42839,5125,5161,1458211193,1419631065,31780,29145,132987024,187525636,32125,6280,125148969,1336560481
C357,293494,8677,9354,6799,6804,3528102,6504503,10915,9215,5008644,19321,11385,9555,7333264,40401
C358,137335,6172,7458,2708,2756,12002735,22111197,5770,4200,161604,10614564,5705,4225,218089,10452289
C359,414476,21529,21629,7766,7751,189407751,192597782,15365,12855,37994896,76983076,15315,15920,38613796,32592681
C360,94075,3681,3699,1625,1628,4227839,4287665,4130,3055,201601,414736,4050,2800,136161,808201
C361,153249,5361,7099,4651,4694,504705,5784022,6100,5125,546121,3896676,6400,5850,1079521,1560001
C362,1663676,73676,74746,37126,37158,1335876329,1412855437,52495,51245,448634761,552297001,52550,52185,446307876,508998721
C363,443006,14363,14201,7680,7654,44659554,42869731,16110,14480,3052009,77841,16250,14595,3560769,155236
C364,252663,12182,12591,4959,4947,52169976,58434107,9900,8005,5207524,21031396,9830,8570,5531904,16168441
C365,61218,2675,3375,786,801,3569962,6623288,2795,2100,14400,1625625,2960,1740,81225,2673225
C366,181627,9702,9303,3923,3914,33397886,29046540,7300,5630,5769604,13490929,7350,6325,5531904,8868484
C367,5736315,209733,196244,144838,145403,4211301265,2584856640,170735,195790,1520844004,206116,142740,203500,4488062049,52649536
C368,167192,6633,4372,3307,3276,11063948,1201703,6760,5210,16129,702244,6765,5600,17424,1507984
C369,113528,10849,9818,2390,2448,71558029,54315054,4875,3425,35688676,40870449,5060,3215,33512521,43599609
C370,133188,2948,2940,2536,2525,170156,171950,5585,4390,6953769,2102500,5265,4295,5368489,1836025
C371,120950,3585,3923,3162,3165,178745,574885,5140,3850,2418025,5329,5105,4725,2310400,643204
C372,111833,3593,3184,1427,1412,4689966,3140044,4820,3640,1505529,207936,5005,3245,1993744,3721
C373,144814,3840,3725,3720,3717,14413,62,5755,4465,3667225,547600,6035,5895,4818025,4708900
C374,146452,8466,9015,2632,2669,34031884,40272506,6120,4915,5503716,16810000,5960,4505,6280036,20340100
C375,630117,17184,12972,11562,11433,31601815,2367856,22440,19805,27625536,46689889,21825,19245,21538881,39350529
C376,114875,2935,3488,3037,3039,10426,201840,4915,3580,3920400,8464,4915,4340,3920400,725904
C377,255613,12439,15931,5256,5338,51592262,112211701,10100,7770,5470921,66601921,10065,8175,5635876,60155536
C378,129236,5461,5278,3510,3496,3808290,3173748,5545,4255,7056,1046529,5455,4905,36,139129
C379,641234,22585,21341,15574,15465,49153014,34532288,22190,20320,156025,1042441,22120,24595,216225,10588516
C380,909466,30604,31858,22727,22734,62051992,83247815,37815,39220,51998521,54199044,30240,32995,132496,1292769
C381,244039,7510,6198,3146,3104,19047901,9572104,9285,7825,3150625,2647129,9765,6450,5085025,63504
C382,431298,14947,16358,12770,12773,4739419,12849704,15675,13625,529984,7469289,16385,18670,2067844,5345344
C383,555765,16362,14310,14047,13930,5358976,144045,19565,17515,10259209,10272025,19560,20260,10227204,35402500
C384,165407,8135,7158,2725,2712,29267021,19762573,6930,5250,1452025,3640464,7005,5105,1276900,4214809
C385,193662,8464,11017,3034,3100,29480661,62681500,7675,6110,622521,24078649,8120,5315,118336,32512804
